station,year_sap,FSW,LSW,FSW_doy,LSW_doy,WindowDays,lat,lon,elev_m,state,name,GSN_FLAG,HCN_CRN,WMO_ID,city_raw,station_label
USC00273850,1885,NA,NA,NA,NA,NA,43.7053,-72.2856,178,NH,HANOVER,NA,HCN,NA,HANOVER,"HANOVER, NH (USC00273850)"
USC00273850,1886,NA,NA,NA,NA,NA,43.7053,-72.2856,178,NH,HANOVER,NA,HCN,NA,HANOVER,"HANOVER, NH (USC00273850)"
USC00273850,1887,NA,NA,NA,NA,NA,43.7053,-72.2856,178,NH,HANOVER,NA,HCN,NA,HANOVER,"HANOVER, NH (USC00273850)"
USC00273850,1888,NA,NA,NA,NA,NA,43.7053,-72.2856,178,NH,HANOVER,NA,HCN,NA,HANOVER,"HANOVER, NH (USC00273850)"
USC00273850,1889,NA,NA,NA,NA,NA,43.7053,-72.2856,178,NH,HANOVER,NA,HCN,NA,HANOVER,"HANOVER, NH (USC00273850)"
USC00273850,1890,NA,NA,NA,NA,NA,43.7053,-72.2856,178,NH,HANOVER,NA,HCN,NA,HANOVER,"HANOVER, NH (USC00273850)"
USC00273850,1891,NA,NA,NA,NA,NA,43.7053,-72.2856,178,NH,HANOVER,NA,HCN,NA,HANOVER,"HANOVER, NH (USC00273850)"
USC00273850,1892,NA,NA,NA,NA,NA,43.7053,-72.2856,178,NH,HANOVER,NA,HCN,NA,HANOVER,"HANOVER, NH (USC00273850)"
USC00273850,1894,1894-02-09,1894-04-10,40,100,60,43.7053,-72.2856,178,NH,HANOVER,NA,HCN,NA,HANOVER,"HANOVER, NH (USC00273850)"
USC00273850,1895,1895-02-18,1895-04-12,49,102,53,43.7053,-72.2856,178,NH,HANOVER,NA,HCN,NA,HANOVER,"HANOVER, NH (USC00273850)"
USC00273850,1896,1896-02-08,1896-04-11,39,102,63,43.7053,-72.2856,178,NH,HANOVER,NA,HCN,NA,HANOVER,"HANOVER, NH (USC00273850)"
USC00273850,1897,1897-02-17,1897-04-28,48,118,70,43.7053,-72.2856,178,NH,HANOVER,NA,HCN,NA,HANOVER,"HANOVER, NH (USC00273850)"
USC00273850,1898,1898-02-08,1898-04-21,39,111,72,43.7053,-72.2856,178,NH,HANOVER,NA,HCN,NA,HANOVER,"HANOVER, NH (USC00273850)"
USC00273850,1899,1899-02-18,1899-04-16,49,106,57,43.7053,-72.2856,178,NH,HANOVER,NA,HCN,NA,HANOVER,"HANOVER, NH (USC00273850)"
USC00273850,1900,1900-02-08,1900-04-27,39,117,78,43.7053,-72.2856,178,NH,HANOVER,NA,HCN,NA,HANOVER,"HANOVER, NH (USC00273850)"
USC00273850,1901,1901-03-04,1901-04-18,63,108,45,43.7053,-72.2856,178,NH,HANOVER,NA,HCN,NA,HANOVER,"HANOVER, NH (USC00273850)"
USC00273850,1902,1902-02-23,1902-04-26,54,116,62,43.7053,-72.2856,178,NH,HANOVER,NA,HCN,NA,HANOVER,"HANOVER, NH (USC00273850)"
USC00273850,1903,1903-02-04,1903-04-22,35,112,77,43.7053,-72.2856,178,NH,HANOVER,NA,HCN,NA,HANOVER,"HANOVER, NH (USC00273850)"
USC00273850,1904,1904-02-23,1904-04-21,54,112,58,43.7053,-72.2856,178,NH,HANOVER,NA,HCN,NA,HANOVER,"HANOVER, NH (USC00273850)"
USC00273850,1905,1905-02-23,1905-04-23,54,113,59,43.7053,-72.2856,178,NH,HANOVER,NA,HCN,NA,HANOVER,"HANOVER, NH (USC00273850)"
USC00273850,1906,1906-02-04,1906-04-25,35,115,80,43.7053,-72.2856,178,NH,HANOVER,NA,HCN,NA,HANOVER,"HANOVER, NH (USC00273850)"
USC00273850,1907,1907-02-16,1907-04-25,47,115,68,43.7053,-72.2856,178,NH,HANOVER,NA,HCN,NA,HANOVER,"HANOVER, NH (USC00273850)"
USC00273850,1908,1908-02-14,1908-04-21,45,112,67,43.7053,-72.2856,178,NH,HANOVER,NA,HCN,NA,HANOVER,"HANOVER, NH (USC00273850)"
USC00273850,1909,1909-02-07,1909-04-30,38,120,82,43.7053,-72.2856,178,NH,HANOVER,NA,HCN,NA,HANOVER,"HANOVER, NH (USC00273850)"
USC00273850,1910,1910-02-10,1910-04-28,41,118,77,43.7053,-72.2856,178,NH,HANOVER,NA,HCN,NA,HANOVER,"HANOVER, NH (USC00273850)"
USC00273850,1911,1911-02-18,1911-04-23,49,113,64,43.7053,-72.2856,178,NH,HANOVER,NA,HCN,NA,HANOVER,"HANOVER, NH (USC00273850)"
USC00273850,1912,1912-02-18,1912-04-28,49,119,70,43.7053,-72.2856,178,NH,HANOVER,NA,HCN,NA,HANOVER,"HANOVER, NH (USC00273850)"
USC00273850,1913,1913-02-16,1913-04-20,47,110,63,43.7053,-72.2856,178,NH,HANOVER,NA,HCN,NA,HANOVER,"HANOVER, NH (USC00273850)"
USC00273850,1914,1914-02-03,1914-04-23,34,113,79,43.7053,-72.2856,178,NH,HANOVER,NA,HCN,NA,HANOVER,"HANOVER, NH (USC00273850)"
USC00273850,1915,1915-02-08,1915-04-06,39,96,57,43.7053,-72.2856,178,NH,HANOVER,NA,HCN,NA,HANOVER,"HANOVER, NH (USC00273850)"
USC00273850,1916,1916-02-18,1916-04-20,49,111,62,43.7053,-72.2856,178,NH,HANOVER,NA,HCN,NA,HANOVER,"HANOVER, NH (USC00273850)"
USC00273850,1917,1917-02-20,1917-04-26,51,116,65,43.7053,-72.2856,178,NH,HANOVER,NA,HCN,NA,HANOVER,"HANOVER, NH (USC00273850)"
USC00273850,1918,1918-02-14,1918-04-25,45,115,70,43.7053,-72.2856,178,NH,HANOVER,NA,HCN,NA,HANOVER,"HANOVER, NH (USC00273850)"
USC00273850,1919,1919-02-05,1919-04-26,36,116,80,43.7053,-72.2856,178,NH,HANOVER,NA,HCN,NA,HANOVER,"HANOVER, NH (USC00273850)"
USC00273850,1920,1920-02-09,1920-04-29,40,120,80,43.7053,-72.2856,178,NH,HANOVER,NA,HCN,NA,HANOVER,"HANOVER, NH (USC00273850)"
USC00273850,1921,1921-02-04,1921-04-11,35,101,66,43.7053,-72.2856,178,NH,HANOVER,NA,HCN,NA,HANOVER,"HANOVER, NH (USC00273850)"
USC00273850,1922,1922-02-03,1922-04-28,34,118,84,43.7053,-72.2856,178,NH,HANOVER,NA,HCN,NA,HANOVER,"HANOVER, NH (USC00273850)"
USC00273850,1923,1923-03-01,1923-04-25,60,115,55,43.7053,-72.2856,178,NH,HANOVER,NA,HCN,NA,HANOVER,"HANOVER, NH (USC00273850)"
USC00273850,1924,1924-02-26,1924-04-25,57,116,59,43.7053,-72.2856,178,NH,HANOVER,NA,HCN,NA,HANOVER,"HANOVER, NH (USC00273850)"
USC00273850,1925,1925-02-08,1925-04-21,39,111,72,43.7053,-72.2856,178,NH,HANOVER,NA,HCN,NA,HANOVER,"HANOVER, NH (USC00273850)"
USC00273850,1926,1926-02-16,1926-04-28,47,118,71,43.7053,-72.2856,178,NH,HANOVER,NA,HCN,NA,HANOVER,"HANOVER, NH (USC00273850)"
USC00273850,1927,1927-02-10,1927-04-29,41,119,78,43.7053,-72.2856,178,NH,HANOVER,NA,HCN,NA,HANOVER,"HANOVER, NH (USC00273850)"
USC00273850,1928,1928-03-01,1928-04-28,61,119,58,43.7053,-72.2856,178,NH,HANOVER,NA,HCN,NA,HANOVER,"HANOVER, NH (USC00273850)"
USC00273850,1929,1929-02-08,1929-04-23,39,113,74,43.7053,-72.2856,178,NH,HANOVER,NA,HCN,NA,HANOVER,"HANOVER, NH (USC00273850)"
USC00273850,1930,1930-02-25,1930-04-26,56,116,60,43.7053,-72.2856,178,NH,HANOVER,NA,HCN,NA,HANOVER,"HANOVER, NH (USC00273850)"
USC00273850,1931,1931-02-14,1931-04-30,45,120,75,43.7053,-72.2856,178,NH,HANOVER,NA,HCN,NA,HANOVER,"HANOVER, NH (USC00273850)"
USC00273850,1932,1932-02-08,1932-04-27,39,118,79,43.7053,-72.2856,178,NH,HANOVER,NA,HCN,NA,HANOVER,"HANOVER, NH (USC00273850)"
USC00273850,1933,1933-02-15,1933-04-27,46,117,71,43.7053,-72.2856,178,NH,HANOVER,NA,HCN,NA,HANOVER,"HANOVER, NH (USC00273850)"
USC00273850,1934,1934-03-04,1934-04-28,63,118,55,43.7053,-72.2856,178,NH,HANOVER,NA,HCN,NA,HANOVER,"HANOVER, NH (USC00273850)"
USC00273850,1935,1935-02-16,1935-04-18,47,108,61,43.7053,-72.2856,178,NH,HANOVER,NA,HCN,NA,HANOVER,"HANOVER, NH (USC00273850)"
USC00273850,1936,1936-02-18,1936-04-24,49,115,66,43.7053,-72.2856,178,NH,HANOVER,NA,HCN,NA,HANOVER,"HANOVER, NH (USC00273850)"
USC00273850,1937,1937-02-12,1937-04-23,43,113,70,43.7053,-72.2856,178,NH,HANOVER,NA,HCN,NA,HANOVER,"HANOVER, NH (USC00273850)"
USC00273850,1938,1938-02-06,1938-04-10,37,100,63,43.7053,-72.2856,178,NH,HANOVER,NA,HCN,NA,HANOVER,"HANOVER, NH (USC00273850)"
USC00273850,1939,1939-02-09,1939-04-24,40,114,74,43.7053,-72.2856,178,NH,HANOVER,NA,HCN,NA,HANOVER,"HANOVER, NH (USC00273850)"
USC00273850,1940,1940-02-19,1940-04-22,50,113,63,43.7053,-72.2856,178,NH,HANOVER,NA,HCN,NA,HANOVER,"HANOVER, NH (USC00273850)"
USC00273850,1941,1941-02-08,1941-04-07,39,97,58,43.7053,-72.2856,178,NH,HANOVER,NA,HCN,NA,HANOVER,"HANOVER, NH (USC00273850)"
USC00273850,1942,1942-02-08,1942-04-13,39,103,64,43.7053,-72.2856,178,NH,HANOVER,NA,HCN,NA,HANOVER,"HANOVER, NH (USC00273850)"
USC00273850,1943,1943-02-07,1943-04-30,38,120,82,43.7053,-72.2856,178,NH,HANOVER,NA,HCN,NA,HANOVER,"HANOVER, NH (USC00273850)"
USC00273850,1944,1944-02-18,1944-04-21,49,112,63,43.7053,-72.2856,178,NH,HANOVER,NA,HCN,NA,HANOVER,"HANOVER, NH (USC00273850)"
USC00273850,1945,1945-02-11,1945-04-23,42,113,71,43.7053,-72.2856,178,NH,HANOVER,NA,HCN,NA,HANOVER,"HANOVER, NH (USC00273850)"
USC00273850,1946,1946-03-02,1946-04-29,61,119,58,43.7053,-72.2856,178,NH,HANOVER,NA,HCN,NA,HANOVER,"HANOVER, NH (USC00273850)"
USC00273850,1947,1947-02-16,1947-04-29,47,119,72,43.7053,-72.2856,178,NH,HANOVER,NA,HCN,NA,HANOVER,"HANOVER, NH (USC00273850)"
USC00273850,1948,1948-02-17,1948-04-29,48,120,72,43.7053,-72.2856,178,NH,HANOVER,NA,HCN,NA,HANOVER,"HANOVER, NH (USC00273850)"
USC00273850,1949,1949-02-09,1949-04-19,40,109,69,43.7053,-72.2856,178,NH,HANOVER,NA,HCN,NA,HANOVER,"HANOVER, NH (USC00273850)"
USC00273850,1950,1950-02-11,1950-04-24,42,114,72,43.7053,-72.2856,178,NH,HANOVER,NA,HCN,NA,HANOVER,"HANOVER, NH (USC00273850)"
USC00273850,1951,1951-02-04,1951-04-21,35,111,76,43.7053,-72.2856,178,NH,HANOVER,NA,HCN,NA,HANOVER,"HANOVER, NH (USC00273850)"
USC00273850,1952,1952-02-08,1952-04-13,39,104,65,43.7053,-72.2856,178,NH,HANOVER,NA,HCN,NA,HANOVER,"HANOVER, NH (USC00273850)"
USC00273850,1953,1953-02-09,1953-04-20,40,110,70,43.7053,-72.2856,178,NH,HANOVER,NA,HCN,NA,HANOVER,"HANOVER, NH (USC00273850)"
USC00273850,1954,1954-02-04,1954-04-12,35,102,67,43.7053,-72.2856,178,NH,HANOVER,NA,HCN,NA,HANOVER,"HANOVER, NH (USC00273850)"
USC00273850,1955,1955-02-17,1955-04-27,48,117,69,43.7053,-72.2856,178,NH,HANOVER,NA,HCN,NA,HANOVER,"HANOVER, NH (USC00273850)"
USC00273850,1956,1956-02-07,1956-04-26,38,117,79,43.7053,-72.2856,178,NH,HANOVER,NA,HCN,NA,HANOVER,"HANOVER, NH (USC00273850)"
USC00273850,1957,1957-02-04,1957-04-15,35,105,70,43.7053,-72.2856,178,NH,HANOVER,NA,HCN,NA,HANOVER,"HANOVER, NH (USC00273850)"
USC00273850,1958,1958-02-24,1958-04-26,55,116,61,43.7053,-72.2856,178,NH,HANOVER,NA,HCN,NA,HANOVER,"HANOVER, NH (USC00273850)"
USC00273850,1959,1959-02-05,1959-04-21,36,111,75,43.7053,-72.2856,178,NH,HANOVER,NA,HCN,NA,HANOVER,"HANOVER, NH (USC00273850)"
USC00273850,1960,1960-02-05,1960-04-20,36,111,75,43.7053,-72.2856,178,NH,HANOVER,NA,HCN,NA,HANOVER,"HANOVER, NH (USC00273850)"
USC00273850,1961,1961-02-09,1961-04-19,40,109,69,43.7053,-72.2856,178,NH,HANOVER,NA,HCN,NA,HANOVER,"HANOVER, NH (USC00273850)"
USC00273850,1962,1962-02-06,1962-04-24,37,114,77,43.7053,-72.2856,178,NH,HANOVER,NA,HCN,NA,HANOVER,"HANOVER, NH (USC00273850)"
USC00273850,1963,1963-02-20,1963-04-26,51,116,65,43.7053,-72.2856,178,NH,HANOVER,NA,HCN,NA,HANOVER,"HANOVER, NH (USC00273850)"
USC00273850,1964,1964-02-04,1964-04-06,35,97,62,43.7053,-72.2856,178,NH,HANOVER,NA,HCN,NA,HANOVER,"HANOVER, NH (USC00273850)"
USC00273850,1965,1965-02-12,1965-04-24,43,114,71,43.7053,-72.2856,178,NH,HANOVER,NA,HCN,NA,HANOVER,"HANOVER, NH (USC00273850)"
USC00273850,1966,1966-02-26,1966-04-28,57,118,61,43.7053,-72.2856,178,NH,HANOVER,NA,HCN,NA,HANOVER,"HANOVER, NH (USC00273850)"
USC00273850,1967,1967-02-16,1967-04-25,47,115,68,43.7053,-72.2856,178,NH,HANOVER,NA,HCN,NA,HANOVER,"HANOVER, NH (USC00273850)"
USC00273850,1968,1968-02-03,1968-04-06,34,97,63,43.7053,-72.2856,178,NH,HANOVER,NA,HCN,NA,HANOVER,"HANOVER, NH (USC00273850)"
USC00273850,1969,1969-02-13,1969-04-20,44,110,66,43.7053,-72.2856,178,NH,HANOVER,NA,HCN,NA,HANOVER,"HANOVER, NH (USC00273850)"
USC00273850,1970,1970-02-04,1970-04-23,35,113,78,43.7053,-72.2856,178,NH,HANOVER,NA,HCN,NA,HANOVER,"HANOVER, NH (USC00273850)"
USC00273850,1971,1971-02-08,1971-04-18,39,108,69,43.7053,-72.2856,178,NH,HANOVER,NA,HCN,NA,HANOVER,"HANOVER, NH (USC00273850)"
USC00273850,1972,1972-02-15,1972-04-27,46,118,72,43.7053,-72.2856,178,NH,HANOVER,NA,HCN,NA,HANOVER,"HANOVER, NH (USC00273850)"
USC00273850,1973,1973-02-04,1973-04-14,35,104,69,43.7053,-72.2856,178,NH,HANOVER,NA,HCN,NA,HANOVER,"HANOVER, NH (USC00273850)"
USC00273850,1974,1974-02-22,1974-04-26,53,116,63,43.7053,-72.2856,178,NH,HANOVER,NA,HCN,NA,HANOVER,"HANOVER, NH (USC00273850)"
USC00273850,1975,1975-02-17,1975-04-28,48,118,70,43.7053,-72.2856,178,NH,HANOVER,NA,HCN,NA,HANOVER,"HANOVER, NH (USC00273850)"
USC00273850,1976,1976-02-04,1976-04-26,35,117,82,43.7053,-72.2856,178,NH,HANOVER,NA,HCN,NA,HANOVER,"HANOVER, NH (USC00273850)"
USC00273850,1977,1977-02-11,1977-04-29,42,119,77,43.7053,-72.2856,178,NH,HANOVER,NA,HCN,NA,HANOVER,"HANOVER, NH (USC00273850)"
USC00273850,1978,1978-02-24,1978-04-30,55,120,65,43.7053,-72.2856,178,NH,HANOVER,NA,HCN,NA,HANOVER,"HANOVER, NH (USC00273850)"
USC00273850,1979,1979-02-23,1979-03-13,54,72,18,43.7053,-72.2856,178,NH,HANOVER,NA,HCN,NA,HANOVER,"HANOVER, NH (USC00273850)"
USC00273850,1980,1980-02-21,1980-04-22,52,113,61,43.7053,-72.2856,178,NH,HANOVER,NA,HCN,NA,HANOVER,"HANOVER, NH (USC00273850)"
USC00273850,1981,1981-02-16,1981-04-23,47,113,66,43.7053,-72.2856,178,NH,HANOVER,NA,HCN,NA,HANOVER,"HANOVER, NH (USC00273850)"
USC00273850,1982,1982-02-04,1982-04-22,35,112,77,43.7053,-72.2856,178,NH,HANOVER,NA,HCN,NA,HANOVER,"HANOVER, NH (USC00273850)"
USC00273850,1983,1983-02-04,1983-04-21,35,111,76,43.7053,-72.2856,178,NH,HANOVER,NA,HCN,NA,HANOVER,"HANOVER, NH (USC00273850)"
USC00273850,1984,1984-02-05,1984-04-10,36,101,65,43.7053,-72.2856,178,NH,HANOVER,NA,HCN,NA,HANOVER,"HANOVER, NH (USC00273850)"
USC00273850,1985,1985-02-12,1985-04-19,43,109,66,43.7053,-72.2856,178,NH,HANOVER,NA,HCN,NA,HANOVER,"HANOVER, NH (USC00273850)"
USC00273850,1986,1986-02-11,1986-04-12,42,102,60,43.7053,-72.2856,178,NH,HANOVER,NA,HCN,NA,HANOVER,"HANOVER, NH (USC00273850)"
USC00273850,1987,1987-02-03,1987-04-29,34,119,85,43.7053,-72.2856,178,NH,HANOVER,NA,HCN,NA,HANOVER,"HANOVER, NH (USC00273850)"
USC00273850,1988,1988-02-17,1988-04-21,48,112,64,43.7053,-72.2856,178,NH,HANOVER,NA,HCN,NA,HANOVER,"HANOVER, NH (USC00273850)"
USC00273850,1989,1989-02-13,1989-04-24,44,114,70,43.7053,-72.2856,178,NH,HANOVER,NA,HCN,NA,HANOVER,"HANOVER, NH (USC00273850)"
USC00273850,1990,1990-02-07,1990-04-18,38,108,70,43.7053,-72.2856,178,NH,HANOVER,NA,HCN,NA,HANOVER,"HANOVER, NH (USC00273850)"
USC00273850,1991,1991-02-08,1991-04-22,39,112,73,43.7053,-72.2856,178,NH,HANOVER,NA,HCN,NA,HANOVER,"HANOVER, NH (USC00273850)"
USC00273850,1992,1992-02-14,1992-04-18,45,109,64,43.7053,-72.2856,178,NH,HANOVER,NA,HCN,NA,HANOVER,"HANOVER, NH (USC00273850)"
USC00273850,1993,1993-02-12,1993-04-15,43,105,62,43.7053,-72.2856,178,NH,HANOVER,NA,HCN,NA,HANOVER,"HANOVER, NH (USC00273850)"
USC00273850,1994,1994-02-19,1994-04-22,50,112,62,43.7053,-72.2856,178,NH,HANOVER,NA,HCN,NA,HANOVER,"HANOVER, NH (USC00273850)"
USC00273850,1995,1995-02-18,1995-04-30,49,120,71,43.7053,-72.2856,178,NH,HANOVER,NA,HCN,NA,HANOVER,"HANOVER, NH (USC00273850)"
USC00273850,1996,1996-02-10,1996-04-29,41,120,79,43.7053,-72.2856,178,NH,HANOVER,NA,HCN,NA,HANOVER,"HANOVER, NH (USC00273850)"
USC00273850,1997,1997-02-21,1997-04-24,52,114,62,43.7053,-72.2856,178,NH,HANOVER,NA,HCN,NA,HANOVER,"HANOVER, NH (USC00273850)"
USC00273850,1998,1998-02-03,1998-04-27,34,117,83,43.7053,-72.2856,178,NH,HANOVER,NA,HCN,NA,HANOVER,"HANOVER, NH (USC00273850)"
USC00273850,1999,1999-02-07,1999-04-25,38,115,77,43.7053,-72.2856,178,NH,HANOVER,NA,HCN,NA,HANOVER,"HANOVER, NH (USC00273850)"
USC00273850,2000,2000-02-10,2000-04-17,41,108,67,43.7053,-72.2856,178,NH,HANOVER,NA,HCN,NA,HANOVER,"HANOVER, NH (USC00273850)"
USC00273850,2001,2001-02-08,2001-04-19,39,109,70,43.7053,-72.2856,178,NH,HANOVER,NA,HCN,NA,HANOVER,"HANOVER, NH (USC00273850)"
USC00273850,2002,2002-02-09,2002-04-30,40,120,80,43.7053,-72.2856,178,NH,HANOVER,NA,HCN,NA,HANOVER,"HANOVER, NH (USC00273850)"
USC00273850,2003,2003-02-03,2003-04-24,34,114,80,43.7053,-72.2856,178,NH,HANOVER,NA,HCN,NA,HANOVER,"HANOVER, NH (USC00273850)"
USC00273850,2004,2004-02-10,2004-04-25,41,116,75,43.7053,-72.2856,178,NH,HANOVER,NA,HCN,NA,HANOVER,"HANOVER, NH (USC00273850)"
USC00273850,2005,2005-02-03,2005-04-15,34,105,71,43.7053,-72.2856,178,NH,HANOVER,NA,HCN,NA,HANOVER,"HANOVER, NH (USC00273850)"
USC00273850,2006,2006-02-04,2006-04-09,35,99,64,43.7053,-72.2856,178,NH,HANOVER,NA,HCN,NA,HANOVER,"HANOVER, NH (USC00273850)"
USC00273850,2007,2007-02-27,2007-04-15,58,105,47,43.7053,-72.2856,178,NH,HANOVER,NA,HCN,NA,HANOVER,"HANOVER, NH (USC00273850)"
USC00273850,2008,2008-02-04,2008-04-30,35,121,86,43.7053,-72.2856,178,NH,HANOVER,NA,HCN,NA,HANOVER,"HANOVER, NH (USC00273850)"
USC00273850,2009,2009-02-14,2009-04-13,45,103,58,43.7053,-72.2856,178,NH,HANOVER,NA,HCN,NA,HANOVER,"HANOVER, NH (USC00273850)"
USC00273850,2010,2010-02-11,2010-04-29,42,119,77,43.7053,-72.2856,178,NH,HANOVER,NA,HCN,NA,HANOVER,"HANOVER, NH (USC00273850)"
USC00273850,2011,2011-02-08,2011-04-16,39,106,67,43.7053,-72.2856,178,NH,HANOVER,NA,HCN,NA,HANOVER,"HANOVER, NH (USC00273850)"
USC00273850,2012,2012-02-07,2012-04-29,38,120,82,43.7053,-72.2856,178,NH,HANOVER,NA,HCN,NA,HANOVER,"HANOVER, NH (USC00273850)"
USC00273850,2013,2013-02-14,2013-04-13,45,103,58,43.7053,-72.2856,178,NH,HANOVER,NA,HCN,NA,HANOVER,"HANOVER, NH (USC00273850)"
USC00273850,2014,2014-02-03,2014-04-19,34,109,75,43.7053,-72.2856,178,NH,HANOVER,NA,HCN,NA,HANOVER,"HANOVER, NH (USC00273850)"
USC00273850,2015,2015-03-07,2015-04-25,66,115,49,43.7053,-72.2856,178,NH,HANOVER,NA,HCN,NA,HANOVER,"HANOVER, NH (USC00273850)"
USC00273850,2016,2016-02-03,2016-04-13,34,104,70,43.7053,-72.2856,178,NH,HANOVER,NA,HCN,NA,HANOVER,"HANOVER, NH (USC00273850)"
USC00273850,2017,2017-02-08,2017-04-05,39,95,56,43.7053,-72.2856,178,NH,HANOVER,NA,HCN,NA,HANOVER,"HANOVER, NH (USC00273850)"
USC00273850,2018,2018-02-12,2018-04-18,43,108,65,43.7053,-72.2856,178,NH,HANOVER,NA,HCN,NA,HANOVER,"HANOVER, NH (USC00273850)"
USC00273850,2019,2019-02-09,2019-04-29,40,119,79,43.7053,-72.2856,178,NH,HANOVER,NA,HCN,NA,HANOVER,"HANOVER, NH (USC00273850)"
USC00273850,2020,2020-02-03,2020-04-27,34,118,84,43.7053,-72.2856,178,NH,HANOVER,NA,HCN,NA,HANOVER,"HANOVER, NH (USC00273850)"
USC00273850,2021,2021-02-05,2021-04-22,36,112,76,43.7053,-72.2856,178,NH,HANOVER,NA,HCN,NA,HANOVER,"HANOVER, NH (USC00273850)"
USC00273850,2022,2022-02-10,2022-04-17,41,107,66,43.7053,-72.2856,178,NH,HANOVER,NA,HCN,NA,HANOVER,"HANOVER, NH (USC00273850)"
USC00273850,2023,2023-02-07,2023-04-09,38,99,61,43.7053,-72.2856,178,NH,HANOVER,NA,HCN,NA,HANOVER,"HANOVER, NH (USC00273850)"
USC00273850,2024,2024-02-03,2024-04-25,34,116,82,43.7053,-72.2856,178,NH,HANOVER,NA,HCN,NA,HANOVER,"HANOVER, NH (USC00273850)"
USC00273850,2025,2025-02-24,2025-04-09,55,99,44,43.7053,-72.2856,178,NH,HANOVER,NA,HCN,NA,HANOVER,"HANOVER, NH (USC00273850)"
USC00304555,1898,1898-02-09,1898-04-27,40,117,77,44.3042,-73.9839,575.5,NY,LAKE PLACID 2 S,NA,HCN,NA,LAKE PLACID 2 S,"LAKE PLACID 2 S, NY (USC00304555)"
USC00304555,1899,1899-02-21,1899-04-17,52,107,55,44.3042,-73.9839,575.5,NY,LAKE PLACID 2 S,NA,HCN,NA,LAKE PLACID 2 S,"LAKE PLACID 2 S, NY (USC00304555)"
USC00304555,1900,1900-02-11,1900-02-24,42,55,13,44.3042,-73.9839,575.5,NY,LAKE PLACID 2 S,NA,HCN,NA,LAKE PLACID 2 S,"LAKE PLACID 2 S, NY (USC00304555)"
USC00304555,1909,1909-02-13,1909-04-30,44,120,76,44.3042,-73.9839,575.5,NY,LAKE PLACID 2 S,NA,HCN,NA,LAKE PLACID 2 S,"LAKE PLACID 2 S, NY (USC00304555)"
USC00304555,1910,1910-03-05,1910-04-29,64,119,55,44.3042,-73.9839,575.5,NY,LAKE PLACID 2 S,NA,HCN,NA,LAKE PLACID 2 S,"LAKE PLACID 2 S, NY (USC00304555)"
USC00304555,1911,1911-03-09,1911-04-24,68,114,46,44.3042,-73.9839,575.5,NY,LAKE PLACID 2 S,NA,HCN,NA,LAKE PLACID 2 S,"LAKE PLACID 2 S, NY (USC00304555)"
USC00304555,1912,1912-02-19,1912-04-29,50,120,70,44.3042,-73.9839,575.5,NY,LAKE PLACID 2 S,NA,HCN,NA,LAKE PLACID 2 S,"LAKE PLACID 2 S, NY (USC00304555)"
USC00304555,1913,1913-02-22,1913-04-30,53,120,67,44.3042,-73.9839,575.5,NY,LAKE PLACID 2 S,NA,HCN,NA,LAKE PLACID 2 S,"LAKE PLACID 2 S, NY (USC00304555)"
USC00304555,1914,1914-03-02,1914-04-30,61,120,59,44.3042,-73.9839,575.5,NY,LAKE PLACID 2 S,NA,HCN,NA,LAKE PLACID 2 S,"LAKE PLACID 2 S, NY (USC00304555)"
USC00304555,1915,1915-02-15,1915-04-30,46,120,74,44.3042,-73.9839,575.5,NY,LAKE PLACID 2 S,NA,HCN,NA,LAKE PLACID 2 S,"LAKE PLACID 2 S, NY (USC00304555)"
USC00304555,1916,1916-02-26,1916-04-23,57,114,57,44.3042,-73.9839,575.5,NY,LAKE PLACID 2 S,NA,HCN,NA,LAKE PLACID 2 S,"LAKE PLACID 2 S, NY (USC00304555)"
USC00304555,1917,1917-03-17,1917-04-28,76,118,42,44.3042,-73.9839,575.5,NY,LAKE PLACID 2 S,NA,HCN,NA,LAKE PLACID 2 S,"LAKE PLACID 2 S, NY (USC00304555)"
USC00304555,1918,1918-02-14,1918-04-25,45,115,70,44.3042,-73.9839,575.5,NY,LAKE PLACID 2 S,NA,HCN,NA,LAKE PLACID 2 S,"LAKE PLACID 2 S, NY (USC00304555)"
USC00304555,1919,1919-02-14,1919-04-27,45,117,72,44.3042,-73.9839,575.5,NY,LAKE PLACID 2 S,NA,HCN,NA,LAKE PLACID 2 S,"LAKE PLACID 2 S, NY (USC00304555)"
USC00304555,1920,1920-03-13,1920-04-30,73,121,48,44.3042,-73.9839,575.5,NY,LAKE PLACID 2 S,NA,HCN,NA,LAKE PLACID 2 S,"LAKE PLACID 2 S, NY (USC00304555)"
USC00304555,1921,1921-02-06,1921-04-18,37,108,71,44.3042,-73.9839,575.5,NY,LAKE PLACID 2 S,NA,HCN,NA,LAKE PLACID 2 S,"LAKE PLACID 2 S, NY (USC00304555)"
USC00304555,1922,1922-02-03,1922-04-30,34,120,86,44.3042,-73.9839,575.5,NY,LAKE PLACID 2 S,NA,HCN,NA,LAKE PLACID 2 S,"LAKE PLACID 2 S, NY (USC00304555)"
USC00304555,1923,1923-02-03,1923-04-25,34,115,81,44.3042,-73.9839,575.5,NY,LAKE PLACID 2 S,NA,HCN,NA,LAKE PLACID 2 S,"LAKE PLACID 2 S, NY (USC00304555)"
USC00304555,1925,1925-02-07,1925-04-21,38,111,73,44.3042,-73.9839,575.5,NY,LAKE PLACID 2 S,NA,HCN,NA,LAKE PLACID 2 S,"LAKE PLACID 2 S, NY (USC00304555)"
USC00304555,1926,1926-03-21,1926-04-30,80,120,40,44.3042,-73.9839,575.5,NY,LAKE PLACID 2 S,NA,HCN,NA,LAKE PLACID 2 S,"LAKE PLACID 2 S, NY (USC00304555)"
USC00304555,1927,1927-02-25,1927-04-30,56,120,64,44.3042,-73.9839,575.5,NY,LAKE PLACID 2 S,NA,HCN,NA,LAKE PLACID 2 S,"LAKE PLACID 2 S, NY (USC00304555)"
USC00304555,1928,1928-02-06,1928-04-30,37,121,84,44.3042,-73.9839,575.5,NY,LAKE PLACID 2 S,NA,HCN,NA,LAKE PLACID 2 S,"LAKE PLACID 2 S, NY (USC00304555)"
USC00304555,1929,1929-02-08,1929-04-30,39,120,81,44.3042,-73.9839,575.5,NY,LAKE PLACID 2 S,NA,HCN,NA,LAKE PLACID 2 S,"LAKE PLACID 2 S, NY (USC00304555)"
USC00304555,1930,1930-02-27,1930-04-27,58,117,59,44.3042,-73.9839,575.5,NY,LAKE PLACID 2 S,NA,HCN,NA,LAKE PLACID 2 S,"LAKE PLACID 2 S, NY (USC00304555)"
USC00304555,1931,1931-02-24,1931-04-30,55,120,65,44.3042,-73.9839,575.5,NY,LAKE PLACID 2 S,NA,HCN,NA,LAKE PLACID 2 S,"LAKE PLACID 2 S, NY (USC00304555)"
USC00304555,1932,1932-02-11,1932-04-28,42,119,77,44.3042,-73.9839,575.5,NY,LAKE PLACID 2 S,NA,HCN,NA,LAKE PLACID 2 S,"LAKE PLACID 2 S, NY (USC00304555)"
USC00304555,1933,1933-02-20,1933-04-28,51,118,67,44.3042,-73.9839,575.5,NY,LAKE PLACID 2 S,NA,HCN,NA,LAKE PLACID 2 S,"LAKE PLACID 2 S, NY (USC00304555)"
USC00304555,1934,1934-03-03,1934-04-28,62,118,56,44.3042,-73.9839,575.5,NY,LAKE PLACID 2 S,NA,HCN,NA,LAKE PLACID 2 S,"LAKE PLACID 2 S, NY (USC00304555)"
USC00304555,1935,1935-03-04,1935-04-25,63,115,52,44.3042,-73.9839,575.5,NY,LAKE PLACID 2 S,NA,HCN,NA,LAKE PLACID 2 S,"LAKE PLACID 2 S, NY (USC00304555)"
USC00304555,1936,1936-02-26,1936-04-25,57,116,59,44.3042,-73.9839,575.5,NY,LAKE PLACID 2 S,NA,HCN,NA,LAKE PLACID 2 S,"LAKE PLACID 2 S, NY (USC00304555)"
USC00304555,1937,1937-02-19,1937-04-24,50,114,64,44.3042,-73.9839,575.5,NY,LAKE PLACID 2 S,NA,HCN,NA,LAKE PLACID 2 S,"LAKE PLACID 2 S, NY (USC00304555)"
USC00304555,1938,1938-02-06,1938-04-12,37,102,65,44.3042,-73.9839,575.5,NY,LAKE PLACID 2 S,NA,HCN,NA,LAKE PLACID 2 S,"LAKE PLACID 2 S, NY (USC00304555)"
USC00304555,1939,1939-03-05,1939-04-30,64,120,56,44.3042,-73.9839,575.5,NY,LAKE PLACID 2 S,NA,HCN,NA,LAKE PLACID 2 S,"LAKE PLACID 2 S, NY (USC00304555)"
USC00304555,1940,1940-02-19,1940-04-27,50,118,68,44.3042,-73.9839,575.5,NY,LAKE PLACID 2 S,NA,HCN,NA,LAKE PLACID 2 S,"LAKE PLACID 2 S, NY (USC00304555)"
USC00304555,1941,1941-02-14,1941-04-22,45,112,67,44.3042,-73.9839,575.5,NY,LAKE PLACID 2 S,NA,HCN,NA,LAKE PLACID 2 S,"LAKE PLACID 2 S, NY (USC00304555)"
USC00304555,1942,1942-03-02,1942-04-21,61,111,50,44.3042,-73.9839,575.5,NY,LAKE PLACID 2 S,NA,HCN,NA,LAKE PLACID 2 S,"LAKE PLACID 2 S, NY (USC00304555)"
USC00304555,1943,1943-02-21,1943-04-30,52,120,68,44.3042,-73.9839,575.5,NY,LAKE PLACID 2 S,NA,HCN,NA,LAKE PLACID 2 S,"LAKE PLACID 2 S, NY (USC00304555)"
USC00304555,1944,1944-02-22,1944-04-27,53,118,65,44.3042,-73.9839,575.5,NY,LAKE PLACID 2 S,NA,HCN,NA,LAKE PLACID 2 S,"LAKE PLACID 2 S, NY (USC00304555)"
USC00304555,1945,1945-02-28,1945-04-29,59,119,60,44.3042,-73.9839,575.5,NY,LAKE PLACID 2 S,NA,HCN,NA,LAKE PLACID 2 S,"LAKE PLACID 2 S, NY (USC00304555)"
USC00304555,1946,1946-02-14,1946-04-29,45,119,74,44.3042,-73.9839,575.5,NY,LAKE PLACID 2 S,NA,HCN,NA,LAKE PLACID 2 S,"LAKE PLACID 2 S, NY (USC00304555)"
USC00304555,1947,1947-02-17,1947-04-28,48,118,70,44.3042,-73.9839,575.5,NY,LAKE PLACID 2 S,NA,HCN,NA,LAKE PLACID 2 S,"LAKE PLACID 2 S, NY (USC00304555)"
USC00304555,1948,1948-02-16,1948-04-30,47,121,74,44.3042,-73.9839,575.5,NY,LAKE PLACID 2 S,NA,HCN,NA,LAKE PLACID 2 S,"LAKE PLACID 2 S, NY (USC00304555)"
USC00304555,1949,1949-02-09,1949-04-30,40,120,80,44.3042,-73.9839,575.5,NY,LAKE PLACID 2 S,NA,HCN,NA,LAKE PLACID 2 S,"LAKE PLACID 2 S, NY (USC00304555)"
USC00304555,1950,1950-02-10,1950-04-30,41,120,79,44.3042,-73.9839,575.5,NY,LAKE PLACID 2 S,NA,HCN,NA,LAKE PLACID 2 S,"LAKE PLACID 2 S, NY (USC00304555)"
USC00304555,1951,1951-02-19,1951-04-24,50,114,64,44.3042,-73.9839,575.5,NY,LAKE PLACID 2 S,NA,HCN,NA,LAKE PLACID 2 S,"LAKE PLACID 2 S, NY (USC00304555)"
USC00304555,1952,1952-02-03,1952-04-24,34,115,81,44.3042,-73.9839,575.5,NY,LAKE PLACID 2 S,NA,HCN,NA,LAKE PLACID 2 S,"LAKE PLACID 2 S, NY (USC00304555)"
USC00304555,1953,1953-02-22,1953-04-30,53,120,67,44.3042,-73.9839,575.5,NY,LAKE PLACID 2 S,NA,HCN,NA,LAKE PLACID 2 S,"LAKE PLACID 2 S, NY (USC00304555)"
USC00304555,1954,1954-02-17,1954-04-29,48,119,71,44.3042,-73.9839,575.5,NY,LAKE PLACID 2 S,NA,HCN,NA,LAKE PLACID 2 S,"LAKE PLACID 2 S, NY (USC00304555)"
USC00304555,1955,1955-02-21,1955-04-28,52,118,66,44.3042,-73.9839,575.5,NY,LAKE PLACID 2 S,NA,HCN,NA,LAKE PLACID 2 S,"LAKE PLACID 2 S, NY (USC00304555)"
USC00304555,1956,1956-02-09,1956-04-26,40,117,77,44.3042,-73.9839,575.5,NY,LAKE PLACID 2 S,NA,HCN,NA,LAKE PLACID 2 S,"LAKE PLACID 2 S, NY (USC00304555)"
USC00304555,1957,1957-02-07,1957-04-17,38,107,69,44.3042,-73.9839,575.5,NY,LAKE PLACID 2 S,NA,HCN,NA,LAKE PLACID 2 S,"LAKE PLACID 2 S, NY (USC00304555)"
USC00304555,1958,1958-02-28,1958-04-28,59,118,59,44.3042,-73.9839,575.5,NY,LAKE PLACID 2 S,NA,HCN,NA,LAKE PLACID 2 S,"LAKE PLACID 2 S, NY (USC00304555)"
USC00304555,1959,1959-03-01,1959-04-28,60,118,58,44.3042,-73.9839,575.5,NY,LAKE PLACID 2 S,NA,HCN,NA,LAKE PLACID 2 S,"LAKE PLACID 2 S, NY (USC00304555)"
USC00304555,1960,1960-02-07,1960-04-28,38,119,81,44.3042,-73.9839,575.5,NY,LAKE PLACID 2 S,NA,HCN,NA,LAKE PLACID 2 S,"LAKE PLACID 2 S, NY (USC00304555)"
USC00304555,1961,1961-02-10,1961-04-27,41,117,76,44.3042,-73.9839,575.5,NY,LAKE PLACID 2 S,NA,HCN,NA,LAKE PLACID 2 S,"LAKE PLACID 2 S, NY (USC00304555)"
USC00304555,1962,1962-03-01,1962-04-24,60,114,54,44.3042,-73.9839,575.5,NY,LAKE PLACID 2 S,NA,HCN,NA,LAKE PLACID 2 S,"LAKE PLACID 2 S, NY (USC00304555)"
USC00304555,1963,1963-02-21,1963-04-28,52,118,66,44.3042,-73.9839,575.5,NY,LAKE PLACID 2 S,NA,HCN,NA,LAKE PLACID 2 S,"LAKE PLACID 2 S, NY (USC00304555)"
USC00304555,1964,1964-03-02,1964-04-21,62,112,50,44.3042,-73.9839,575.5,NY,LAKE PLACID 2 S,NA,HCN,NA,LAKE PLACID 2 S,"LAKE PLACID 2 S, NY (USC00304555)"
USC00304555,1965,1965-02-11,1965-04-28,42,118,76,44.3042,-73.9839,575.5,NY,LAKE PLACID 2 S,NA,HCN,NA,LAKE PLACID 2 S,"LAKE PLACID 2 S, NY (USC00304555)"
USC00304555,1966,1966-02-12,1966-04-29,43,119,76,44.3042,-73.9839,575.5,NY,LAKE PLACID 2 S,NA,HCN,NA,LAKE PLACID 2 S,"LAKE PLACID 2 S, NY (USC00304555)"
USC00304555,1967,1967-03-24,1967-04-29,83,119,36,44.3042,-73.9839,575.5,NY,LAKE PLACID 2 S,NA,HCN,NA,LAKE PLACID 2 S,"LAKE PLACID 2 S, NY (USC00304555)"
USC00304555,1968,1968-02-03,1968-04-29,34,120,86,44.3042,-73.9839,575.5,NY,LAKE PLACID 2 S,NA,HCN,NA,LAKE PLACID 2 S,"LAKE PLACID 2 S, NY (USC00304555)"
USC00304555,1969,1969-02-22,1969-04-30,53,120,67,44.3042,-73.9839,575.5,NY,LAKE PLACID 2 S,NA,HCN,NA,LAKE PLACID 2 S,"LAKE PLACID 2 S, NY (USC00304555)"
USC00304555,1970,1970-02-04,1970-04-23,35,113,78,44.3042,-73.9839,575.5,NY,LAKE PLACID 2 S,NA,HCN,NA,LAKE PLACID 2 S,"LAKE PLACID 2 S, NY (USC00304555)"
USC00304555,1971,1971-02-20,1971-04-28,51,118,67,44.3042,-73.9839,575.5,NY,LAKE PLACID 2 S,NA,HCN,NA,LAKE PLACID 2 S,"LAKE PLACID 2 S, NY (USC00304555)"
USC00304555,1972,1972-02-15,1972-03-31,46,91,45,44.3042,-73.9839,575.5,NY,LAKE PLACID 2 S,NA,HCN,NA,LAKE PLACID 2 S,"LAKE PLACID 2 S, NY (USC00304555)"
USC00304555,1973,1973-03-15,1973-04-30,74,120,46,44.3042,-73.9839,575.5,NY,LAKE PLACID 2 S,NA,HCN,NA,LAKE PLACID 2 S,"LAKE PLACID 2 S, NY (USC00304555)"
USC00304555,1975,1975-02-17,1975-04-28,48,118,70,44.3042,-73.9839,575.5,NY,LAKE PLACID 2 S,NA,HCN,NA,LAKE PLACID 2 S,"LAKE PLACID 2 S, NY (USC00304555)"
USC00304555,1976,1976-02-16,1976-04-27,47,118,71,44.3042,-73.9839,575.5,NY,LAKE PLACID 2 S,NA,HCN,NA,LAKE PLACID 2 S,"LAKE PLACID 2 S, NY (USC00304555)"
USC00304555,1977,1977-03-05,1977-04-29,64,119,55,44.3042,-73.9839,575.5,NY,LAKE PLACID 2 S,NA,HCN,NA,LAKE PLACID 2 S,"LAKE PLACID 2 S, NY (USC00304555)"
USC00304555,1978,1978-03-10,1978-04-29,69,119,50,44.3042,-73.9839,575.5,NY,LAKE PLACID 2 S,NA,HCN,NA,LAKE PLACID 2 S,"LAKE PLACID 2 S, NY (USC00304555)"
USC00304555,1979,1979-02-22,1979-04-20,53,110,57,44.3042,-73.9839,575.5,NY,LAKE PLACID 2 S,NA,HCN,NA,LAKE PLACID 2 S,"LAKE PLACID 2 S, NY (USC00304555)"
USC00304555,1980,1980-02-21,1980-04-23,52,114,62,44.3042,-73.9839,575.5,NY,LAKE PLACID 2 S,NA,HCN,NA,LAKE PLACID 2 S,"LAKE PLACID 2 S, NY (USC00304555)"
USC00304555,1981,1981-02-28,1981-04-23,59,113,54,44.3042,-73.9839,575.5,NY,LAKE PLACID 2 S,NA,HCN,NA,LAKE PLACID 2 S,"LAKE PLACID 2 S, NY (USC00304555)"
USC00304555,1982,1982-02-03,1982-04-28,34,118,84,44.3042,-73.9839,575.5,NY,LAKE PLACID 2 S,NA,HCN,NA,LAKE PLACID 2 S,"LAKE PLACID 2 S, NY (USC00304555)"
USC00304555,1983,1983-02-04,1983-04-26,35,116,81,44.3042,-73.9839,575.5,NY,LAKE PLACID 2 S,NA,HCN,NA,LAKE PLACID 2 S,"LAKE PLACID 2 S, NY (USC00304555)"
USC00304555,1984,1984-02-04,1984-04-24,35,115,80,44.3042,-73.9839,575.5,NY,LAKE PLACID 2 S,NA,HCN,NA,LAKE PLACID 2 S,"LAKE PLACID 2 S, NY (USC00304555)"
USC00304555,1985,1985-02-13,1985-04-28,44,118,74,44.3042,-73.9839,575.5,NY,LAKE PLACID 2 S,NA,HCN,NA,LAKE PLACID 2 S,"LAKE PLACID 2 S, NY (USC00304555)"
USC00304555,1986,1986-02-20,1986-04-23,51,113,62,44.3042,-73.9839,575.5,NY,LAKE PLACID 2 S,NA,HCN,NA,LAKE PLACID 2 S,"LAKE PLACID 2 S, NY (USC00304555)"
USC00304555,1987,1987-02-28,1987-04-30,59,120,61,44.3042,-73.9839,575.5,NY,LAKE PLACID 2 S,NA,HCN,NA,LAKE PLACID 2 S,"LAKE PLACID 2 S, NY (USC00304555)"
USC00304555,1988,1988-02-18,1988-04-26,49,117,68,44.3042,-73.9839,575.5,NY,LAKE PLACID 2 S,NA,HCN,NA,LAKE PLACID 2 S,"LAKE PLACID 2 S, NY (USC00304555)"
USC00304555,1989,1989-02-22,1989-04-29,53,119,66,44.3042,-73.9839,575.5,NY,LAKE PLACID 2 S,NA,HCN,NA,LAKE PLACID 2 S,"LAKE PLACID 2 S, NY (USC00304555)"
USC00304555,1990,1990-02-09,1990-04-18,40,108,68,44.3042,-73.9839,575.5,NY,LAKE PLACID 2 S,NA,HCN,NA,LAKE PLACID 2 S,"LAKE PLACID 2 S, NY (USC00304555)"
USC00304555,1991,1991-02-09,1991-04-22,40,112,72,44.3042,-73.9839,575.5,NY,LAKE PLACID 2 S,NA,HCN,NA,LAKE PLACID 2 S,"LAKE PLACID 2 S, NY (USC00304555)"
USC00304555,1992,1992-02-16,1992-04-28,47,119,72,44.3042,-73.9839,575.5,NY,LAKE PLACID 2 S,NA,HCN,NA,LAKE PLACID 2 S,"LAKE PLACID 2 S, NY (USC00304555)"
USC00304555,1993,1993-03-09,1993-04-27,68,117,49,44.3042,-73.9839,575.5,NY,LAKE PLACID 2 S,NA,HCN,NA,LAKE PLACID 2 S,"LAKE PLACID 2 S, NY (USC00304555)"
USC00304555,1994,1994-03-06,1994-04-23,65,113,48,44.3042,-73.9839,575.5,NY,LAKE PLACID 2 S,NA,HCN,NA,LAKE PLACID 2 S,"LAKE PLACID 2 S, NY (USC00304555)"
USC00304555,1995,1995-02-19,1995-04-24,50,114,64,44.3042,-73.9839,575.5,NY,LAKE PLACID 2 S,NA,HCN,NA,LAKE PLACID 2 S,"LAKE PLACID 2 S, NY (USC00304555)"
USC00304555,1996,1996-02-10,1996-04-29,41,120,79,44.3042,-73.9839,575.5,NY,LAKE PLACID 2 S,NA,HCN,NA,LAKE PLACID 2 S,"LAKE PLACID 2 S, NY (USC00304555)"
USC00304555,1997,1997-02-04,1997-04-24,35,114,79,44.3042,-73.9839,575.5,NY,LAKE PLACID 2 S,NA,HCN,NA,LAKE PLACID 2 S,"LAKE PLACID 2 S, NY (USC00304555)"
USC00304555,1998,1998-02-03,1998-04-27,34,117,83,44.3042,-73.9839,575.5,NY,LAKE PLACID 2 S,NA,HCN,NA,LAKE PLACID 2 S,"LAKE PLACID 2 S, NY (USC00304555)"
USC00304555,1999,1999-02-03,1999-04-27,34,117,83,44.3042,-73.9839,575.5,NY,LAKE PLACID 2 S,NA,HCN,NA,LAKE PLACID 2 S,"LAKE PLACID 2 S, NY (USC00304555)"
USC00304555,2000,2000-03-02,2000-04-26,62,117,55,44.3042,-73.9839,575.5,NY,LAKE PLACID 2 S,NA,HCN,NA,LAKE PLACID 2 S,"LAKE PLACID 2 S, NY (USC00304555)"
USC00304555,2001,2001-02-15,2001-04-25,46,115,69,44.3042,-73.9839,575.5,NY,LAKE PLACID 2 S,NA,HCN,NA,LAKE PLACID 2 S,"LAKE PLACID 2 S, NY (USC00304555)"
USC00304555,2002,2002-02-10,2002-04-30,41,120,79,44.3042,-73.9839,575.5,NY,LAKE PLACID 2 S,NA,HCN,NA,LAKE PLACID 2 S,"LAKE PLACID 2 S, NY (USC00304555)"
USC00304555,2003,2003-02-04,2003-04-26,35,116,81,44.3042,-73.9839,575.5,NY,LAKE PLACID 2 S,NA,HCN,NA,LAKE PLACID 2 S,"LAKE PLACID 2 S, NY (USC00304555)"
USC00304555,2004,2004-02-10,2004-04-28,41,119,78,44.3042,-73.9839,575.5,NY,LAKE PLACID 2 S,NA,HCN,NA,LAKE PLACID 2 S,"LAKE PLACID 2 S, NY (USC00304555)"
USC00304555,2005,2005-02-03,2005-04-30,34,120,86,44.3042,-73.9839,575.5,NY,LAKE PLACID 2 S,NA,HCN,NA,LAKE PLACID 2 S,"LAKE PLACID 2 S, NY (USC00304555)"
USC00304555,2006,2006-02-04,2006-04-28,35,118,83,44.3042,-73.9839,575.5,NY,LAKE PLACID 2 S,NA,HCN,NA,LAKE PLACID 2 S,"LAKE PLACID 2 S, NY (USC00304555)"
USC00304555,2007,2007-02-22,2007-04-25,53,115,62,44.3042,-73.9839,575.5,NY,LAKE PLACID 2 S,NA,HCN,NA,LAKE PLACID 2 S,"LAKE PLACID 2 S, NY (USC00304555)"
USC00304555,2008,2008-02-04,2008-04-30,35,121,86,44.3042,-73.9839,575.5,NY,LAKE PLACID 2 S,NA,HCN,NA,LAKE PLACID 2 S,"LAKE PLACID 2 S, NY (USC00304555)"
USC00304555,2009,2009-02-10,2009-04-21,41,111,70,44.3042,-73.9839,575.5,NY,LAKE PLACID 2 S,NA,HCN,NA,LAKE PLACID 2 S,"LAKE PLACID 2 S, NY (USC00304555)"
USC00304555,2010,2010-02-24,2010-04-29,55,119,64,44.3042,-73.9839,575.5,NY,LAKE PLACID 2 S,NA,HCN,NA,LAKE PLACID 2 S,"LAKE PLACID 2 S, NY (USC00304555)"
USC00304555,2011,2011-02-07,2011-04-23,38,113,75,44.3042,-73.9839,575.5,NY,LAKE PLACID 2 S,NA,HCN,NA,LAKE PLACID 2 S,"LAKE PLACID 2 S, NY (USC00304555)"
USC00304555,2012,2012-02-08,2012-04-29,39,120,81,44.3042,-73.9839,575.5,NY,LAKE PLACID 2 S,NA,HCN,NA,LAKE PLACID 2 S,"LAKE PLACID 2 S, NY (USC00304555)"
USC00304555,2013,2013-02-28,2013-04-26,59,116,57,44.3042,-73.9839,575.5,NY,LAKE PLACID 2 S,NA,HCN,NA,LAKE PLACID 2 S,"LAKE PLACID 2 S, NY (USC00304555)"
USC00304555,2014,2014-02-22,2014-04-29,53,119,66,44.3042,-73.9839,575.5,NY,LAKE PLACID 2 S,NA,HCN,NA,LAKE PLACID 2 S,"LAKE PLACID 2 S, NY (USC00304555)"
USC00304555,2018,2018-02-17,2018-04-30,48,120,72,44.3042,-73.9839,575.5,NY,LAKE PLACID 2 S,NA,HCN,NA,LAKE PLACID 2 S,"LAKE PLACID 2 S, NY (USC00304555)"
USC00304555,2019,2019-04-17,2019-04-30,107,120,13,44.3042,-73.9839,575.5,NY,LAKE PLACID 2 S,NA,HCN,NA,LAKE PLACID 2 S,"LAKE PLACID 2 S, NY (USC00304555)"
USC00304555,2020,2020-02-26,2020-04-29,57,120,63,44.3042,-73.9839,575.5,NY,LAKE PLACID 2 S,NA,HCN,NA,LAKE PLACID 2 S,"LAKE PLACID 2 S, NY (USC00304555)"
USC00304555,2021,2021-03-02,2021-04-27,61,117,56,44.3042,-73.9839,575.5,NY,LAKE PLACID 2 S,NA,HCN,NA,LAKE PLACID 2 S,"LAKE PLACID 2 S, NY (USC00304555)"
USC00304555,2022,2022-02-12,2022-04-30,43,120,77,44.3042,-73.9839,575.5,NY,LAKE PLACID 2 S,NA,HCN,NA,LAKE PLACID 2 S,"LAKE PLACID 2 S, NY (USC00304555)"
USC00304555,2023,2023-02-09,2023-04-28,40,118,78,44.3042,-73.9839,575.5,NY,LAKE PLACID 2 S,NA,HCN,NA,LAKE PLACID 2 S,"LAKE PLACID 2 S, NY (USC00304555)"
USC00304555,2024,2024-02-10,2024-04-27,41,118,77,44.3042,-73.9839,575.5,NY,LAKE PLACID 2 S,NA,HCN,NA,LAKE PLACID 2 S,"LAKE PLACID 2 S, NY (USC00304555)"
USC00304555,2025,2025-02-28,2025-04-28,59,118,59,44.3042,-73.9839,575.5,NY,LAKE PLACID 2 S,NA,HCN,NA,LAKE PLACID 2 S,"LAKE PLACID 2 S, NY (USC00304555)"
USC00435542,1930,1930-03-07,1930-04-29,66,119,53,44.9489,-72.1911,240.8,VT,NEWPORT,NA,NA,72612,NEWPORT,"NEWPORT, VT (USC00435542)"
USC00435542,1931,1931-02-14,1931-04-30,45,120,75,44.9489,-72.1911,240.8,VT,NEWPORT,NA,NA,72612,NEWPORT,"NEWPORT, VT (USC00435542)"
USC00435542,1932,1932-02-06,1932-04-28,37,119,82,44.9489,-72.1911,240.8,VT,NEWPORT,NA,NA,72612,NEWPORT,"NEWPORT, VT (USC00435542)"
USC00435542,1933,1933-02-03,1933-04-28,34,118,84,44.9489,-72.1911,240.8,VT,NEWPORT,NA,NA,72612,NEWPORT,"NEWPORT, VT (USC00435542)"
USC00435542,1934,1934-03-03,1934-04-29,62,119,57,44.9489,-72.1911,240.8,VT,NEWPORT,NA,NA,72612,NEWPORT,"NEWPORT, VT (USC00435542)"
USC00435542,1935,1935-03-05,1935-04-24,64,114,50,44.9489,-72.1911,240.8,VT,NEWPORT,NA,NA,72612,NEWPORT,"NEWPORT, VT (USC00435542)"
USC00435542,1936,1936-02-18,1936-04-27,49,118,69,44.9489,-72.1911,240.8,VT,NEWPORT,NA,NA,72612,NEWPORT,"NEWPORT, VT (USC00435542)"
USC00435542,1937,1937-02-12,1937-04-24,43,114,71,44.9489,-72.1911,240.8,VT,NEWPORT,NA,NA,72612,NEWPORT,"NEWPORT, VT (USC00435542)"
USC00435542,1938,1938-02-07,1938-04-11,38,101,63,44.9489,-72.1911,240.8,VT,NEWPORT,NA,NA,72612,NEWPORT,"NEWPORT, VT (USC00435542)"
USC00435542,1939,1939-02-20,1939-04-30,51,120,69,44.9489,-72.1911,240.8,VT,NEWPORT,NA,NA,72612,NEWPORT,"NEWPORT, VT (USC00435542)"
USC00435542,1940,1940-03-05,1940-04-27,65,118,53,44.9489,-72.1911,240.8,VT,NEWPORT,NA,NA,72612,NEWPORT,"NEWPORT, VT (USC00435542)"
USC00435542,1941,1941-02-15,1941-04-23,46,113,67,44.9489,-72.1911,240.8,VT,NEWPORT,NA,NA,72612,NEWPORT,"NEWPORT, VT (USC00435542)"
USC00435542,1942,1942-03-02,1942-04-21,61,111,50,44.9489,-72.1911,240.8,VT,NEWPORT,NA,NA,72612,NEWPORT,"NEWPORT, VT (USC00435542)"
USC00435542,1943,1943-02-06,1943-04-30,37,120,83,44.9489,-72.1911,240.8,VT,NEWPORT,NA,NA,72612,NEWPORT,"NEWPORT, VT (USC00435542)"
USC00435542,1944,1944-02-24,1944-03-31,55,91,36,44.9489,-72.1911,240.8,VT,NEWPORT,NA,NA,72612,NEWPORT,"NEWPORT, VT (USC00435542)"
USC00435542,1945,1945-02-23,1945-04-23,54,113,59,44.9489,-72.1911,240.8,VT,NEWPORT,NA,NA,72612,NEWPORT,"NEWPORT, VT (USC00435542)"
USC00435542,1946,1946-03-04,1946-04-28,63,118,55,44.9489,-72.1911,240.8,VT,NEWPORT,NA,NA,72612,NEWPORT,"NEWPORT, VT (USC00435542)"
USC00435542,1947,1947-02-16,1947-04-29,47,119,72,44.9489,-72.1911,240.8,VT,NEWPORT,NA,NA,72612,NEWPORT,"NEWPORT, VT (USC00435542)"
USC00435542,1948,1948-02-16,1948-04-29,47,120,73,44.9489,-72.1911,240.8,VT,NEWPORT,NA,NA,72612,NEWPORT,"NEWPORT, VT (USC00435542)"
USC00435542,1949,1949-02-09,1949-04-28,40,118,78,44.9489,-72.1911,240.8,VT,NEWPORT,NA,NA,72612,NEWPORT,"NEWPORT, VT (USC00435542)"
USC00435542,1950,1950-02-11,1950-04-30,42,120,78,44.9489,-72.1911,240.8,VT,NEWPORT,NA,NA,72612,NEWPORT,"NEWPORT, VT (USC00435542)"
USC00435542,1951,1951-02-07,1951-04-26,38,116,78,44.9489,-72.1911,240.8,VT,NEWPORT,NA,NA,72612,NEWPORT,"NEWPORT, VT (USC00435542)"
USC00435542,1952,1952-03-05,1952-04-21,65,112,47,44.9489,-72.1911,240.8,VT,NEWPORT,NA,NA,72612,NEWPORT,"NEWPORT, VT (USC00435542)"
USC00435542,1953,1953-02-08,1953-04-21,39,111,72,44.9489,-72.1911,240.8,VT,NEWPORT,NA,NA,72612,NEWPORT,"NEWPORT, VT (USC00435542)"
USC00435542,1954,1954-02-04,1954-04-27,35,117,82,44.9489,-72.1911,240.8,VT,NEWPORT,NA,NA,72612,NEWPORT,"NEWPORT, VT (USC00435542)"
USC00435542,1955,1955-02-19,1955-04-21,50,111,61,44.9489,-72.1911,240.8,VT,NEWPORT,NA,NA,72612,NEWPORT,"NEWPORT, VT (USC00435542)"
USC00435542,1956,1956-02-08,1956-04-30,39,121,82,44.9489,-72.1911,240.8,VT,NEWPORT,NA,NA,72612,NEWPORT,"NEWPORT, VT (USC00435542)"
USC00435542,1957,1957-02-06,1957-04-30,37,120,83,44.9489,-72.1911,240.8,VT,NEWPORT,NA,NA,72612,NEWPORT,"NEWPORT, VT (USC00435542)"
USC00435542,1958,1958-02-26,1958-04-30,57,120,63,44.9489,-72.1911,240.8,VT,NEWPORT,NA,NA,72612,NEWPORT,"NEWPORT, VT (USC00435542)"
USC00435542,1959,1959-02-27,1959-04-27,58,117,59,44.9489,-72.1911,240.8,VT,NEWPORT,NA,NA,72612,NEWPORT,"NEWPORT, VT (USC00435542)"
USC00435542,1960,1960-02-06,1960-04-27,37,118,81,44.9489,-72.1911,240.8,VT,NEWPORT,NA,NA,72612,NEWPORT,"NEWPORT, VT (USC00435542)"
USC00435542,1961,1961-02-21,1961-04-24,52,114,62,44.9489,-72.1911,240.8,VT,NEWPORT,NA,NA,72612,NEWPORT,"NEWPORT, VT (USC00435542)"
USC00435542,1962,1962-03-01,1962-04-25,60,115,55,44.9489,-72.1911,240.8,VT,NEWPORT,NA,NA,72612,NEWPORT,"NEWPORT, VT (USC00435542)"
USC00435542,1963,1963-02-20,1963-04-27,51,117,66,44.9489,-72.1911,240.8,VT,NEWPORT,NA,NA,72612,NEWPORT,"NEWPORT, VT (USC00435542)"
USC00435542,1964,1964-02-07,1964-04-25,38,116,78,44.9489,-72.1911,240.8,VT,NEWPORT,NA,NA,72612,NEWPORT,"NEWPORT, VT (USC00435542)"
USC00435542,1965,1965-02-18,1965-04-27,49,117,68,44.9489,-72.1911,240.8,VT,NEWPORT,NA,NA,72612,NEWPORT,"NEWPORT, VT (USC00435542)"
USC00435542,1966,1966-02-11,1966-04-29,42,119,77,44.9489,-72.1911,240.8,VT,NEWPORT,NA,NA,72612,NEWPORT,"NEWPORT, VT (USC00435542)"
USC00435542,1967,1967-03-15,1967-04-25,74,115,41,44.9489,-72.1911,240.8,VT,NEWPORT,NA,NA,72612,NEWPORT,"NEWPORT, VT (USC00435542)"
USC00435542,1968,1968-02-28,1968-04-28,59,119,60,44.9489,-72.1911,240.8,VT,NEWPORT,NA,NA,72612,NEWPORT,"NEWPORT, VT (USC00435542)"
USC00435542,1969,1969-02-19,1969-04-30,50,120,70,44.9489,-72.1911,240.8,VT,NEWPORT,NA,NA,72612,NEWPORT,"NEWPORT, VT (USC00435542)"
USC00435542,1970,1970-02-03,1970-04-23,34,113,79,44.9489,-72.1911,240.8,VT,NEWPORT,NA,NA,72612,NEWPORT,"NEWPORT, VT (USC00435542)"
USC00435542,1971,1971-02-08,1971-04-27,39,117,78,44.9489,-72.1911,240.8,VT,NEWPORT,NA,NA,72612,NEWPORT,"NEWPORT, VT (USC00435542)"
USC00435542,1972,1972-02-16,1972-04-28,47,119,72,44.9489,-72.1911,240.8,VT,NEWPORT,NA,NA,72612,NEWPORT,"NEWPORT, VT (USC00435542)"
USC00435542,1973,1973-02-04,1973-04-30,35,120,85,44.9489,-72.1911,240.8,VT,NEWPORT,NA,NA,72612,NEWPORT,"NEWPORT, VT (USC00435542)"
USC00435542,1974,1974-02-22,1974-04-26,53,116,63,44.9489,-72.1911,240.8,VT,NEWPORT,NA,NA,72612,NEWPORT,"NEWPORT, VT (USC00435542)"
USC00435542,1975,1975-02-18,1975-04-28,49,118,69,44.9489,-72.1911,240.8,VT,NEWPORT,NA,NA,72612,NEWPORT,"NEWPORT, VT (USC00435542)"
USC00435542,1976,1976-02-13,1976-04-26,44,117,73,44.9489,-72.1911,240.8,VT,NEWPORT,NA,NA,72612,NEWPORT,"NEWPORT, VT (USC00435542)"
USC00435542,1977,1977-02-13,1977-04-29,44,119,75,44.9489,-72.1911,240.8,VT,NEWPORT,NA,NA,72612,NEWPORT,"NEWPORT, VT (USC00435542)"
USC00435542,1978,1978-03-10,1978-04-30,69,120,51,44.9489,-72.1911,240.8,VT,NEWPORT,NA,NA,72612,NEWPORT,"NEWPORT, VT (USC00435542)"
USC00435542,1979,1979-02-22,1979-04-19,53,109,56,44.9489,-72.1911,240.8,VT,NEWPORT,NA,NA,72612,NEWPORT,"NEWPORT, VT (USC00435542)"
USC00435542,1980,1980-02-21,1980-04-22,52,113,61,44.9489,-72.1911,240.8,VT,NEWPORT,NA,NA,72612,NEWPORT,"NEWPORT, VT (USC00435542)"
USC00435542,1981,1981-02-27,1981-04-23,58,113,55,44.9489,-72.1911,240.8,VT,NEWPORT,NA,NA,72612,NEWPORT,"NEWPORT, VT (USC00435542)"
USC00435542,1982,1982-02-18,1982-04-22,49,112,63,44.9489,-72.1911,240.8,VT,NEWPORT,NA,NA,72612,NEWPORT,"NEWPORT, VT (USC00435542)"
USC00435542,1983,1983-02-04,1983-04-24,35,114,79,44.9489,-72.1911,240.8,VT,NEWPORT,NA,NA,72612,NEWPORT,"NEWPORT, VT (USC00435542)"
USC00435542,1984,1984-02-18,1984-04-22,49,113,64,44.9489,-72.1911,240.8,VT,NEWPORT,NA,NA,72612,NEWPORT,"NEWPORT, VT (USC00435542)"
USC00435542,1985,1985-02-15,1985-04-19,46,109,63,44.9489,-72.1911,240.8,VT,NEWPORT,NA,NA,72612,NEWPORT,"NEWPORT, VT (USC00435542)"
USC00435542,1986,1986-02-20,1986-04-23,51,113,62,44.9489,-72.1911,240.8,VT,NEWPORT,NA,NA,72612,NEWPORT,"NEWPORT, VT (USC00435542)"
USC00435542,1987,1987-02-28,1987-04-30,59,120,61,44.9489,-72.1911,240.8,VT,NEWPORT,NA,NA,72612,NEWPORT,"NEWPORT, VT (USC00435542)"
USC00435542,1988,1988-02-17,1988-04-23,48,114,66,44.9489,-72.1911,240.8,VT,NEWPORT,NA,NA,72612,NEWPORT,"NEWPORT, VT (USC00435542)"
USC00435542,1989,1989-02-15,1989-04-25,46,115,69,44.9489,-72.1911,240.8,VT,NEWPORT,NA,NA,72612,NEWPORT,"NEWPORT, VT (USC00435542)"
USC00435542,1990,1990-02-08,1990-04-18,39,108,69,44.9489,-72.1911,240.8,VT,NEWPORT,NA,NA,72612,NEWPORT,"NEWPORT, VT (USC00435542)"
USC00435542,1991,1991-02-09,1991-04-15,40,105,65,44.9489,-72.1911,240.8,VT,NEWPORT,NA,NA,72612,NEWPORT,"NEWPORT, VT (USC00435542)"
USC00435542,1992,1992-02-18,1992-04-26,49,117,68,44.9489,-72.1911,240.8,VT,NEWPORT,NA,NA,72612,NEWPORT,"NEWPORT, VT (USC00435542)"
USC00435542,1993,1993-03-03,1993-04-27,62,117,55,44.9489,-72.1911,240.8,VT,NEWPORT,NA,NA,72612,NEWPORT,"NEWPORT, VT (USC00435542)"
USC00435542,1994,1994-03-08,1994-04-29,67,119,52,44.9489,-72.1911,240.8,VT,NEWPORT,NA,NA,72612,NEWPORT,"NEWPORT, VT (USC00435542)"
USC00435542,1995,1995-02-18,1995-04-25,49,115,66,44.9489,-72.1911,240.8,VT,NEWPORT,NA,NA,72612,NEWPORT,"NEWPORT, VT (USC00435542)"
USC00435542,1996,1996-02-11,1996-04-28,42,119,77,44.9489,-72.1911,240.8,VT,NEWPORT,NA,NA,72612,NEWPORT,"NEWPORT, VT (USC00435542)"
USC00435542,1997,1997-02-03,1997-04-18,34,108,74,44.9489,-72.1911,240.8,VT,NEWPORT,NA,NA,72612,NEWPORT,"NEWPORT, VT (USC00435542)"
USC00435542,1998,1998-02-03,1998-04-27,34,117,83,44.9489,-72.1911,240.8,VT,NEWPORT,NA,NA,72612,NEWPORT,"NEWPORT, VT (USC00435542)"
USC00435542,1999,1999-02-04,1999-04-24,35,114,79,44.9489,-72.1911,240.8,VT,NEWPORT,NA,NA,72612,NEWPORT,"NEWPORT, VT (USC00435542)"
USC00435542,2000,2000-02-21,2000-04-26,52,117,65,44.9489,-72.1911,240.8,VT,NEWPORT,NA,NA,72612,NEWPORT,"NEWPORT, VT (USC00435542)"
USC00435542,2001,2001-02-10,2001-04-19,41,109,68,44.9489,-72.1911,240.8,VT,NEWPORT,NA,NA,72612,NEWPORT,"NEWPORT, VT (USC00435542)"
USC00435542,2002,2002-02-04,2002-03-29,35,88,53,44.9489,-72.1911,240.8,VT,NEWPORT,NA,NA,72612,NEWPORT,"NEWPORT, VT (USC00435542)"
USC00435542,2004,2004-02-22,2004-04-29,53,120,67,44.9489,-72.1911,240.8,VT,NEWPORT,NA,NA,72612,NEWPORT,"NEWPORT, VT (USC00435542)"
USC00435542,2005,2005-02-05,2005-04-22,36,112,76,44.9489,-72.1911,240.8,VT,NEWPORT,NA,NA,72612,NEWPORT,"NEWPORT, VT (USC00435542)"
USC00435542,2006,2006-02-18,2006-04-29,49,119,70,44.9489,-72.1911,240.8,VT,NEWPORT,NA,NA,72612,NEWPORT,"NEWPORT, VT (USC00435542)"
USC00435542,2007,2007-03-01,2007-04-26,60,116,56,44.9489,-72.1911,240.8,VT,NEWPORT,NA,NA,72612,NEWPORT,"NEWPORT, VT (USC00435542)"
USC00435542,2008,2008-02-20,2008-04-30,51,121,70,44.9489,-72.1911,240.8,VT,NEWPORT,NA,NA,72612,NEWPORT,"NEWPORT, VT (USC00435542)"
USC00435542,2009,2009-02-11,2009-04-24,42,114,72,44.9489,-72.1911,240.8,VT,NEWPORT,NA,NA,72612,NEWPORT,"NEWPORT, VT (USC00435542)"
USC00435542,2010,2010-02-24,2010-04-29,55,119,64,44.9489,-72.1911,240.8,VT,NEWPORT,NA,NA,72612,NEWPORT,"NEWPORT, VT (USC00435542)"
USC00435542,2011,2011-03-06,2011-04-23,65,113,48,44.9489,-72.1911,240.8,VT,NEWPORT,NA,NA,72612,NEWPORT,"NEWPORT, VT (USC00435542)"
USC00435542,2012,2012-02-17,2012-04-30,48,121,73,44.9489,-72.1911,240.8,VT,NEWPORT,NA,NA,72612,NEWPORT,"NEWPORT, VT (USC00435542)"
USC00435542,2013,2013-02-15,2013-04-26,46,116,70,44.9489,-72.1911,240.8,VT,NEWPORT,NA,NA,72612,NEWPORT,"NEWPORT, VT (USC00435542)"
USC00435542,2014,2014-02-03,2014-04-26,34,116,82,44.9489,-72.1911,240.8,VT,NEWPORT,NA,NA,72612,NEWPORT,"NEWPORT, VT (USC00435542)"
USC00435542,2015,2015-03-12,2015-04-26,71,116,45,44.9489,-72.1911,240.8,VT,NEWPORT,NA,NA,72612,NEWPORT,"NEWPORT, VT (USC00435542)"
USC00435542,2016,2016-02-04,2016-04-29,35,120,85,44.9489,-72.1911,240.8,VT,NEWPORT,NA,NA,72612,NEWPORT,"NEWPORT, VT (USC00435542)"
USC00435542,2017,2017-02-21,2017-04-25,52,115,63,44.9489,-72.1911,240.8,VT,NEWPORT,NA,NA,72612,NEWPORT,"NEWPORT, VT (USC00435542)"
USC00435542,2018,2018-02-20,2018-04-23,51,113,62,44.9489,-72.1911,240.8,VT,NEWPORT,NA,NA,72612,NEWPORT,"NEWPORT, VT (USC00435542)"
USC00435542,2019,2019-02-09,2019-04-30,40,120,80,44.9489,-72.1911,240.8,VT,NEWPORT,NA,NA,72612,NEWPORT,"NEWPORT, VT (USC00435542)"
USC00435542,2020,2020-02-13,2020-04-29,44,120,76,44.9489,-72.1911,240.8,VT,NEWPORT,NA,NA,72612,NEWPORT,"NEWPORT, VT (USC00435542)"
USC00435542,2021,2021-03-02,2021-04-27,61,117,56,44.9489,-72.1911,240.8,VT,NEWPORT,NA,NA,72612,NEWPORT,"NEWPORT, VT (USC00435542)"
USC00435542,2022,2022-02-10,2022-04-30,41,120,79,44.9489,-72.1911,240.8,VT,NEWPORT,NA,NA,72612,NEWPORT,"NEWPORT, VT (USC00435542)"
USC00435542,2023,NA,NA,NA,NA,NA,44.9489,-72.1911,240.8,VT,NEWPORT,NA,NA,72612,NEWPORT,"NEWPORT, VT (USC00435542)"
